instance,responder,email,access_code,page
soc-01,24,responder24@irorg.com,24-T2E25923QD6,unlock.html
soc-01,25,responder25@irorg.com,25-KWPMGR5DV2H,unlock.html
soc-01,26,responder26@irorg.com,26-6TS76TEQZC2,unlock.html
soc-01,27,responder27@irorg.com,27-MPGHQ6G9QBZ,unlock.html
soc-02,28,responder28@irorg.com,28-ETWECTFFJ87,unlock.html
soc-02,29,responder29@irorg.com,29-H9HKQ8CXKPV,unlock.html
soc-02,30,responder30@irorg.com,30-7AFE46WNFE2,unlock.html
soc-02,31,responder31@irorg.com,31-2TX9W4WWDKM,unlock.html
soc-03,32,responder32@irorg.com,32-YW3EFZ8FSEZ,unlock.html
soc-03,33,responder33@irorg.com,33-5YYFBYNDA8T,unlock.html
soc-03,34,responder34@irorg.com,34-CX4VZPA6VVM,unlock.html
soc-03,35,responder35@irorg.com,35-SBFM4X2WRDJ,unlock.html
soc-04,36,responder36@irorg.com,36-9M6MKXKWMAS,unlock.html
soc-04,37,responder37@irorg.com,37-6Z3BB5G7ZFA,unlock.html
soc-04,38,responder38@irorg.com,38-V87SWRPFT9D,unlock.html
soc-04,39,responder39@irorg.com,39-ZQKFPD7K9E6,unlock.html
soc-05,40,responder40@irorg.com,40-8G24QQJB9H9,unlock.html
soc-05,41,responder41@irorg.com,41-D2WNK3HNWJM,unlock.html
soc-05,42,responder42@irorg.com,42-GKAND8Y5228,unlock.html
soc-05,43,responder43@irorg.com,43-HP4SCA36VXC,unlock.html
soc-06,44,responder44@irorg.com,44-VZSWA4BS733,unlock.html
soc-06,45,responder45@irorg.com,45-BNJAAX9RVMN,unlock.html
soc-06,46,responder46@irorg.com,46-FA2D4RHBY6D,unlock.html
soc-06,47,responder47@irorg.com,47-DNTFFRR99V6,unlock.html
soc-07,48,responder48@irorg.com,48-2XQSHZGGDRA,unlock.html
soc-07,49,responder49@irorg.com,49-QXD4V5FBERS,unlock.html
soc-07,50,responder50@irorg.com,50-EB4YGMHSJ2Y,unlock.html
soc-07,51,responder51@irorg.com,51-BKRHG9GJ32M,unlock.html
soc-08,52,responder52@irorg.com,52-FGMC2GCPMRF,unlock.html
soc-08,53,responder53@irorg.com,53-A775PRZTGE2,unlock.html
soc-08,54,responder54@irorg.com,54-CTGGGXRQRM9,unlock.html
soc-08,55,responder55@irorg.com,55-XK54KY2BHBP,unlock.html
soc-09,56,responder56@irorg.com,56-T6N4DM577DC,unlock.html
soc-09,57,responder57@irorg.com,57-MYM9BJ7YSRH,unlock.html
soc-09,58,responder58@irorg.com,58-R6KJD8SMRNV,unlock.html
soc-09,59,responder59@irorg.com,59-N7TQ9CZ3BNE,unlock.html
soc-10,60,responder60@irorg.com,60-RXK8VKCQS2H,unlock.html
soc-10,61,responder61@irorg.com,61-5ZAKXJVR9KM,unlock.html
soc-10,62,responder62@irorg.com,62-22A957SM7NY,unlock.html
soc-10,63,responder63@irorg.com,63-EQARQ2VPGP9,unlock.html
soc-11,64,responder64@irorg.com,64-8NS69DTHQGR,unlock.html
soc-11,65,responder65@irorg.com,65-GFAEY7G4Z5N,unlock.html
soc-11,66,responder66@irorg.com,66-C5GMMZVM2YC,unlock.html
soc-11,67,responder67@irorg.com,67-SD5D9PTXRTZ,unlock.html
soc-12,68,responder68@irorg.com,68-KCTQXA4YZRV,unlock.html
soc-12,69,responder69@irorg.com,69-AF6FDMPBD52,unlock.html
soc-12,70,responder70@irorg.com,70-3TXYBR9M7GC,unlock.html
soc-12,71,responder71@irorg.com,71-E6HKVV8N5N8,unlock.html
soc-13,72,responder72@irorg.com,72-P2W7MTYZ2JJ,unlock.html
soc-13,73,responder73@irorg.com,73-YXRAYVJ8MQQ,unlock.html
soc-13,74,responder74@irorg.com,74-X5ETS59748V,unlock.html
soc-13,75,responder75@irorg.com,75-S66PXYHVZCA,unlock.html
